{
    "offset_x": 48.06279922394624,
    "offset_y": -26.97143247327642,
    "offset_3d_x": -0.12205920503640759,
    "offset_3d_y": -0.0058405636172660655,
    "offset_3d_z": -0.04078911376427438,
    "rotate_x": 0.5574366909715186,
    "rotate_y": -130.83492550218665,
    "rotate_z": -17.176567820410725,
    "flip_x": false,
    "flip_y": false,
    "flip_z": false
}